Pose_Class,armpit_left_min,armpit_left_max,elbow_left_min,elbow_left_max,armpit_right_min,armpit_right_max,elbow_right_min,elbow_right_max,hip_left_min,hip_left_max,hip_right_min,hip_right_max,knee_left_min,knee_left_max,knee_right_min,knee_right_max,ankle_left_min,ankle_left_max,ankle_right_min,ankle_right_max
Tree,102.58515625,113.38359375,97.783203125,108.076171875,100.12109375,110.66015625,99.91328125,110.43046875,101.048828125,111.685546875,115.54375,127.70625,113.755078125,125.729296875,86.40546875,95.50078125,138.23984375,152.79140625,129.563671875,143.201953125
Dog,161.41754716981131,178.4088679245283,158.35603773584907,175.02509433962265,161.79037735849056,178.82094339622643,158.13377358490567,174.77943396226414,82.27,90.92999999999999,88.32849056603773,97.62622641509434,166.91320754716983,180.0,166.8020754716981,180.0,109.42207547169811,120.94018867924528,109.38622641509434,120.90056603773584
Chair,146.61666666666667,162.05,154.33541666666667,170.58125,145.31041666666667,160.60625000000002,154.94895833333334,171.25937499999998,55.06041666666667,60.85625,115.128125,127.246875,78.1375,86.3625,81.284375,89.840625,68.696875,75.928125,76.91041666666666,85.00625
Warrior,159.97641509433961,176.81603773584905,157.77169811320755,174.37924528301886,158.14811320754717,174.7952830188679,158.88301886792453,175.6075471698113,144.57924528301888,159.79811320754717,149.04245283018867,164.7311320754717,153.11132075471698,169.22830188679245,102.27735849056603,113.0433962264151,98.08301886792452,108.40754716981132,109.84150943396226,121.40377358490566
Cobra,23.323579545454546,28.323579545454546,137.42613636363637,151.89204545454544,23.366761363636364,28.366761363636364,138.1710227272727,152.7153409090909,88.70625,98.04375,83.70795454545454,92.51931818181818,146.5806818181818,162.01022727272726,148.5184659090909,164.15198863636365,139.09403409090908,153.73551136363636,138.2681818181818,152.82272727272726
